image,clip_score,lpips_score,clip_iqa
gen_test_1.png,0.291748046875,0.0,0.5390625
gen_test_10.png,0.325439453125,0.0,0.219970703125
gen_test_2.png,0.3779296875,0.0,0.07159423828125
gen_test_3.png,0.31787109375,0.0,0.51953125
gen_test_4.png,0.33056640625,0.0,0.77197265625
gen_test_5.png,0.3271484375,0.0,0.1422119140625
gen_test_6.png,0.307373046875,0.0,0.86865234375
gen_test_7.png,0.3759765625,0.0,0.51171875
gen_test_8.png,0.404296875,0.0,0.45703125
gen_test_9.png,0.333984375,0.0,0.6826171875
